https://www.mlit.go.jp/totikensangyo/const/content/001983626.pdf	mlit_koukyou_kouji_yakkan_r7.pdf	国土交通省(中央建設業審議会) 公共工事標準請負契約約款 令和7年12月2日改正
https://www.mlit.go.jp/totikensangyo/const/content/001971697.pdf	mlit_minkan_kouji_yakkan_kou_r7.pdf	国土交通省(中央建設業審議会) 民間建設工事標準請負契約約款(甲) 令和7年12月2日改正
https://www.mlit.go.jp/totikensangyo/const/content/001971698.pdf	mlit_minkan_kouji_yakkan_otsu_r7.pdf	国土交通省(中央建設業審議会) 民間建設工事標準請負契約約款(乙) 令和7年12月2日改正
https://www.mlit.go.jp/totikensangyo/const/content/001971699.pdf	mlit_shitauke_yakkan_r7.pdf	国土交通省(中央建設業審議会) 建設工事標準下請契約約款 令和7年12月2日改正
https://www.mlit.go.jp/totikensangyo/const/content/001343511.doc	mlit_doboku_sekkei_itaku_yakkan.doc	国土交通省 公共土木設計業務等標準委託契約約款 令和2年3月10日改正
https://www.mlit.go.jp/common/001479827.pdf	mlit_chintai_hyoujun_rentai.pdf	国土交通省 賃貸住宅標準契約書 平成30年3月版・連帯保証人型 (解説コメント付)
https://www.mlit.go.jp/common/001479831.pdf	mlit_teiki_chintai_hyoujun_rentai.pdf	国土交通省 定期賃貸住宅標準契約書 平成30年3月版・連帯保証人型
https://www.mlit.go.jp/common/001479834.pdf	mlit_sublease_hyoujun_rentai.pdf	国土交通省 サブリース住宅標準契約書 令和2年12月版・連帯保証人型
https://www.mlit.go.jp/common/001479838.pdf	mlit_sublease_teiki_hyoujun_rentai.pdf	国土交通省 サブリース住宅定期建物賃貸借標準契約書 令和2年12月版・連帯保証人型
https://www.mlit.go.jp/common/000991390.pdf	mlit_genjo_kaifuku_guideline.pdf	国土交通省 原状回復をめぐるトラブルとガイドライン(再改訂版)
https://www.mlit.go.jp/totikensangyo/const/content/001972233.pdf	mlit_mansion_kanri_itaku_comment.pdf	国土交通省 マンション標準管理委託契約書及び同コメント
https://www.mlit.go.jp/totikensangyo/const/content/001972216.pdf	mlit_mansion_kanrisha_jimu_itaku_comment.pdf	国土交通省 マンション標準管理者事務委託契約書及び同コメント
https://www.mlit.go.jp/common/001213683.pdf	mlit_hyoujun_baikai_yakkan.pdf	国土交通省 標準媒介契約約款(告示)
https://www.maff.go.jp/j/kanbo/tizai/brand/attach/pdf/keiyaku-1.pdf	maff_ai_data_guideline_knowhow.pdf	農林水産省 農業分野におけるAI・データに関する契約ガイドライン ノウハウ活用編 本体
https://www.maff.go.jp/j/kanbo/tizai/brand/attach/pdf/keiyaku-2.pdf	maff_ai_data_guideline_knowhow_usecase.pdf	農林水産省 同 ノウハウ活用編 別添(ユースケース)
https://www.maff.go.jp/j/kanbo/tizai/brand/attach/pdf/keiyaku-10.pdf	maff_ai_data_guideline_data.pdf	農林水産省 同 データ利活用編 本体
https://www.maff.go.jp/j/kanbo/tizai/brand/attach/pdf/keiyaku-5.pdf	maff_ai_data_guideline_data_usecase.pdf	農林水産省 同 データ利活用編 別添(ユースケース)
https://www.maff.go.jp/j/kanbo/tizai/brand/attach/pdf/keiyaku-33.pdf	maff_model_keiyaku_termsheet.pdf	農林水産省 同 モデル契約書案及びタームシート(例)
https://www.maff.go.jp/j/kanbo/tizai/brand/attach/pdf/keiyaku-31.pdf	maff_keiyaku_hinagata.pdf	農林水産省 データ契約におけるGL準拠の要件化 契約ひな形
https://www.maff.go.jp/j/kanbo/tizai/brand/attach/pdf/keiyaku-19.pdf	maff_ai_data_guideline_qa.pdf	農林水産省 同 Q&A
https://www.bunka.go.jp/seisaku/bunka_gyosei/kibankyoka/pdf/94128001_02.pdf	bunka_keiyaku_guideline.pdf	文化庁 文化芸術分野の適正な契約関係構築に向けたガイドライン(検討のまとめ)
https://www.mext.go.jp/component/a_menu/science/detail/__icsFiles/afieldfile/2017/03/29/1383818_001.pdf	mext_sakura_01.pdf	文部科学省 さくらツール(産学官連携共同研究モデル契約書) 解説付き 01
https://www.mext.go.jp/component/a_menu/science/detail/__icsFiles/afieldfile/2017/03/29/1383818_002.pdf	mext_sakura_02.pdf	文部科学省 さくらツール(産学官連携共同研究モデル契約書) 解説付き 02
https://www.mext.go.jp/component/a_menu/science/detail/__icsFiles/afieldfile/2017/03/29/1383818_003.pdf	mext_sakura_03.pdf	文部科学省 さくらツール(産学官連携共同研究モデル契約書) 解説付き 03
https://www.mext.go.jp/component/a_menu/science/detail/__icsFiles/afieldfile/2017/03/29/1383818_004.pdf	mext_sakura_04.pdf	文部科学省 さくらツール(産学官連携共同研究モデル契約書) 解説付き 04
https://www.mext.go.jp/component/a_menu/science/detail/__icsFiles/afieldfile/2017/03/29/1383818_005.pdf	mext_sakura_05.pdf	文部科学省 さくらツール(産学官連携共同研究モデル契約書) 解説付き 05
https://www.mext.go.jp/component/a_menu/science/detail/__icsFiles/afieldfile/2017/03/29/1383818_006.pdf	mext_sakura_06.pdf	文部科学省 さくらツール(産学官連携共同研究モデル契約書) 解説付き 06
https://www.mext.go.jp/component/a_menu/science/detail/__icsFiles/afieldfile/2017/03/29/1383818_007.pdf	mext_sakura_07.pdf	文部科学省 さくらツール(産学官連携共同研究モデル契約書) 解説付き 07
https://www.mext.go.jp/component/a_menu/science/detail/__icsFiles/afieldfile/2017/03/29/1383818_008.pdf	mext_sakura_08.pdf	文部科学省 さくらツール(産学官連携共同研究モデル契約書) 解説付き 08
https://www.mext.go.jp/component/a_menu/science/detail/__icsFiles/afieldfile/2017/04/13/1383818_009.pdf	mext_sakura_09.pdf	文部科学省 さくらツール(産学官連携共同研究モデル契約書) 解説付き 09
https://www.mext.go.jp/component/a_menu/science/detail/__icsFiles/afieldfile/2017/04/13/1383818_010.pdf	mext_sakura_10.pdf	文部科学省 さくらツール(産学官連携共同研究モデル契約書) 解説付き 10
https://www.mext.go.jp/component/a_menu/science/detail/__icsFiles/afieldfile/2017/03/29/1383818_011.pdf	mext_sakura_11.pdf	文部科学省 さくらツール(産学官連携共同研究モデル契約書) 解説付き 11
