file	url	title	bytes	fetched_at	pages	status
mlit_koukyou_kouji_yakkan_r7.pdf	https://www.mlit.go.jp/totikensangyo/const/content/001983626.pdf	国土交通省(中央建設業審議会) 公共工事標準請負契約約款 令和7年12月2日改正	145231	2026-10-07T15:16:55		excluded: 新旧対照表 (2段組) か文字化けのため全文版へ差し替え (excluded/ に退避)
mlit_minkan_kouji_yakkan_kou_r7.pdf	https://www.mlit.go.jp/totikensangyo/const/content/001971697.pdf	国土交通省(中央建設業審議会) 民間建設工事標準請負契約約款(甲) 令和7年12月2日改正	140932	2026-10-07T15:16:56		excluded: 新旧対照表 (2段組) か文字化けのため全文版へ差し替え (excluded/ に退避)
mlit_minkan_kouji_yakkan_otsu_r7.pdf	https://www.mlit.go.jp/totikensangyo/const/content/001971698.pdf	国土交通省(中央建設業審議会) 民間建設工事標準請負契約約款(乙) 令和7年12月2日改正	125692	2026-10-07T15:16:58		excluded: 新旧対照表 (2段組) か文字化けのため全文版へ差し替え (excluded/ に退避)
mlit_shitauke_yakkan_r7.pdf	https://www.mlit.go.jp/totikensangyo/const/content/001971699.pdf	国土交通省(中央建設業審議会) 建設工事標準下請契約約款 令和7年12月2日改正	120392	2026-10-07T15:16:59		excluded: 新旧対照表 (2段組) か文字化けのため全文版へ差し替え (excluded/ に退避)
mlit_doboku_sekkei_itaku_yakkan.doc	https://www.mlit.go.jp/totikensangyo/const/content/001343511.doc	国土交通省 公共土木設計業務等標準委託契約約款 令和2年3月10日改正	120320	2026-10-07T15:17:00	-	included (382行/27058字)
mlit_chintai_hyoujun_rentai.pdf	https://www.mlit.go.jp/common/001479827.pdf	国土交通省 賃貸住宅標準契約書 平成30年3月版・連帯保証人型 (解説コメント付)	458345	2026-10-07T15:17:02	31	included (481行/24923字)
mlit_teiki_chintai_hyoujun_rentai.pdf	https://www.mlit.go.jp/common/001479831.pdf	国土交通省 定期賃貸住宅標準契約書 平成30年3月版・連帯保証人型	609589	2026-10-07T15:17:03	29	included (430行/20462字)
mlit_sublease_hyoujun_rentai.pdf	https://www.mlit.go.jp/common/001479834.pdf	国土交通省 サブリース住宅標準契約書 令和2年12月版・連帯保証人型	618283	2026-10-07T15:17:05	33	included (497行/27289字)
mlit_sublease_teiki_hyoujun_rentai.pdf	https://www.mlit.go.jp/common/001479838.pdf	国土交通省 サブリース住宅定期建物賃貸借標準契約書 令和2年12月版・連帯保証人型	592130	2026-10-07T15:17:06	32	included (454行/23173字)
mlit_genjo_kaifuku_guideline.pdf	https://www.mlit.go.jp/common/000991390.pdf	国土交通省 原状回復をめぐるトラブルとガイドライン(再改訂版)	1724826	2026-10-07T15:17:08	138	included (1525行/87968字)
mlit_mansion_kanri_itaku_comment.pdf	https://www.mlit.go.jp/totikensangyo/const/content/001972233.pdf	国土交通省 マンション標準管理委託契約書及び同コメント	211775	2026-10-07T15:17:09		excluded: 新旧対照表 (2段組) か文字化けのため全文版へ差し替え (excluded/ に退避)
mlit_mansion_kanrisha_jimu_itaku_comment.pdf	https://www.mlit.go.jp/totikensangyo/const/content/001972216.pdf	国土交通省 マンション標準管理者事務委託契約書及び同コメント	52102	2026-10-07T15:17:10		excluded: 新旧対照表 (2段組) か文字化けのため全文版へ差し替え (excluded/ に退避)
mlit_hyoujun_baikai_yakkan.pdf	https://www.mlit.go.jp/common/001213683.pdf	国土交通省 標準媒介契約約款(告示)	449038	2026-10-07T15:17:13	22	included (308行/17379字)
maff_ai_data_guideline_knowhow.pdf	https://www.maff.go.jp/j/kanbo/tizai/brand/attach/pdf/keiyaku-1.pdf	農林水産省 農業分野におけるAI・データに関する契約ガイドライン ノウハウ活用編 本体	2498976	2026-10-07T15:17:14	149	included (1893行/103727字)
maff_ai_data_guideline_knowhow_usecase.pdf	https://www.maff.go.jp/j/kanbo/tizai/brand/attach/pdf/keiyaku-2.pdf	農林水産省 同 ノウハウ活用編 別添(ユースケース)	998652	2026-10-07T15:17:15	14	included (138行/7497字)
maff_ai_data_guideline_data.pdf	https://www.maff.go.jp/j/kanbo/tizai/brand/attach/pdf/keiyaku-10.pdf	農林水産省 同 データ利活用編 本体	1567689	2026-10-07T15:17:18	182	included (2255行/196500字)
maff_ai_data_guideline_data_usecase.pdf	https://www.maff.go.jp/j/kanbo/tizai/brand/attach/pdf/keiyaku-5.pdf	農林水産省 同 データ利活用編 別添(ユースケース)	681637	2026-10-07T15:17:19	4	included (42行/2166字)
maff_model_keiyaku_termsheet.pdf	https://www.maff.go.jp/j/kanbo/tizai/brand/attach/pdf/keiyaku-33.pdf	農林水産省 同 モデル契約書案及びタームシート(例)	366563	2026-10-07T15:17:21		excluded: 新旧対照表 (2段組) か文字化けのため全文版へ差し替え (excluded/ に退避)
maff_keiyaku_hinagata.pdf	https://www.maff.go.jp/j/kanbo/tizai/brand/attach/pdf/keiyaku-31.pdf	農林水産省 データ契約におけるGL準拠の要件化 契約ひな形	80778	2026-10-07T15:17:22		excluded: 新旧対照表 (2段組) か文字化けのため全文版へ差し替え (excluded/ に退避)
maff_ai_data_guideline_qa.pdf	https://www.maff.go.jp/j/kanbo/tizai/brand/attach/pdf/keiyaku-19.pdf	農林水産省 同 Q&A	504379	2026-10-07T15:17:24	9	included (75行/5860字)
bunka_keiyaku_guideline.pdf	https://www.bunka.go.jp/seisaku/bunka_gyosei/kibankyoka/pdf/94128001_02.pdf	文化庁 文化芸術分野の適正な契約関係構築に向けたガイドライン(検討のまとめ)	530066	2026-10-07T15:17:25	42	included (800行/52245字)
mext_sakura_01.pdf	https://www.mext.go.jp/component/a_menu/science/detail/__icsFiles/afieldfile/2017/03/29/1383818_001.pdf	文部科学省 さくらツール(産学官連携共同研究モデル契約書) 解説付き 01	263734	2026-10-07T15:17:26	12	included (226行/12771字)
mext_sakura_02.pdf	https://www.mext.go.jp/component/a_menu/science/detail/__icsFiles/afieldfile/2017/03/29/1383818_002.pdf	文部科学省 さくらツール(産学官連携共同研究モデル契約書) 解説付き 02	265835	2026-10-07T15:17:28	13	included (233行/13108字)
mext_sakura_03.pdf	https://www.mext.go.jp/component/a_menu/science/detail/__icsFiles/afieldfile/2017/03/29/1383818_003.pdf	文部科学省 さくらツール(産学官連携共同研究モデル契約書) 解説付き 03	267141	2026-10-07T15:17:30	13	included (235行/13251字)
mext_sakura_04.pdf	https://www.mext.go.jp/component/a_menu/science/detail/__icsFiles/afieldfile/2017/03/29/1383818_004.pdf	文部科学省 さくらツール(産学官連携共同研究モデル契約書) 解説付き 04	271463	2026-10-07T15:17:33	13	included (247行/13992字)
mext_sakura_05.pdf	https://www.mext.go.jp/component/a_menu/science/detail/__icsFiles/afieldfile/2017/03/29/1383818_005.pdf	文部科学省 さくらツール(産学官連携共同研究モデル契約書) 解説付き 05	252421	2026-10-07T15:17:35	11	included (215行/11923字)
mext_sakura_06.pdf	https://www.mext.go.jp/component/a_menu/science/detail/__icsFiles/afieldfile/2017/03/29/1383818_006.pdf	文部科学省 さくらツール(産学官連携共同研究モデル契約書) 解説付き 06	239948	2026-10-07T15:17:36	11	included (192行/10613字)
mext_sakura_07.pdf	https://www.mext.go.jp/component/a_menu/science/detail/__icsFiles/afieldfile/2017/03/29/1383818_007.pdf	文部科学省 さくらツール(産学官連携共同研究モデル契約書) 解説付き 07	231562	2026-10-07T15:17:37	10	included (184行/9655字)
mext_sakura_08.pdf	https://www.mext.go.jp/component/a_menu/science/detail/__icsFiles/afieldfile/2017/03/29/1383818_008.pdf	文部科学省 さくらツール(産学官連携共同研究モデル契約書) 解説付き 08	292363	2026-10-07T15:17:39	16	included (303行/17318字)
mext_sakura_09.pdf	https://www.mext.go.jp/component/a_menu/science/detail/__icsFiles/afieldfile/2017/04/13/1383818_009.pdf	文部科学省 さくらツール(産学官連携共同研究モデル契約書) 解説付き 09	287651	2026-10-07T15:17:45	16	included (298行/16575字)
mext_sakura_10.pdf	https://www.mext.go.jp/component/a_menu/science/detail/__icsFiles/afieldfile/2017/04/13/1383818_010.pdf	文部科学省 さくらツール(産学官連携共同研究モデル契約書) 解説付き 10	289901	2026-10-07T15:17:48	16	included (295行/16274字)
mext_sakura_11.pdf	https://www.mext.go.jp/component/a_menu/science/detail/__icsFiles/afieldfile/2017/03/29/1383818_011.pdf	文部科学省 さくらツール(産学官連携共同研究モデル契約書) 解説付き 11	272449	2026-10-07T15:17:50	13	included (254行/14305字)
mlit_koukyou_kouji_yakkan.docx	https://www.mlit.go.jp/totikensangyo/const/content/001499464.docx	国土交通省(中央建設業審議会) 公共工事標準請負契約約款 (令和4年9月改正版・全文)	67656	2026-10-07T15:19:47	-	included (578行/40414字)
mlit_minkan_kouji_yakkan_kou.doc	https://www.mlit.go.jp/totikensangyo/const/content/001499467.doc	国土交通省(中央建設業審議会) 民間建設工事標準請負契約約款(甲) (全文)	131072	2026-10-07T15:19:49	-	included (394行/25449字)
mlit_minkan_kouji_yakkan_otsu.docx	https://www.mlit.go.jp/totikensangyo/const/content/001331105.docx	国土交通省(中央建設業審議会) 民間建設工事標準請負契約約款(乙) (全文)	50892	2026-10-07T15:19:50	-	included (317行/19847字)
mlit_shitauke_yakkan.doc	https://www.mlit.go.jp/totikensangyo/const/content/001329294.doc	国土交通省(中央建設業審議会) 建設工事標準下請契約約款 (全文)	120832	2026-10-07T15:19:51	-	included (327行/20702字)
maff_model_keiyaku_termsheet.docx	https://www.maff.go.jp/j/kanbo/tizai/brand/attach/doc/keiyaku-6.docx	農林水産省 農業分野におけるAI・データに関する契約ガイドライン モデル契約書案及びタームシート(例)	163206	2026-10-07T15:19:51	-	included (1038行/73499字)
maff_keiyaku_hinagata.docx	https://www.maff.go.jp/j/kanbo/tizai/brand/attach/doc/keiyaku-5.docx	農林水産省 データ契約におけるGL準拠の要件化 契約ひな形	80064	2026-10-07T15:19:53	-	excluded: 他文書に全文が含まれる重複取得
mlit_mansion_kanri_itaku_comment_r5.pdf	https://www.mlit.go.jp/totikensangyo/const/content/001760189.pdf	国土交通省 マンション標準管理委託契約書コメント (令和5年9月)	324620	2026-10-07T15:19:53	28	included (363行/27532字)
mlit_mansion_kanri_itaku_honbun_r5.pdf	https://www.mlit.go.jp/totikensangyo/const/content/001760188.pdf	国土交通省 マンション標準管理委託契約書 本文・別紙・別表 (令和5年9月)	681004	2026-10-07T15:19:55	40	included (399行/16625字)
bunka_kenshukai_text.pdf	https://www.bunka.go.jp/seisaku/bunka_gyosei/kibankyoka/kenshukai/pdf/93897401_03.pdf	文化庁 「これなら解る!!適正な契約関係構築研修会」研修会テキスト	6022591	2026-10-07T15:23:38	63	included (358行/16694字)
bunka_haiyu_haikyu_keiyaku_lesson.pdf	https://www.bunka.go.jp/seisaku/bunka_gyosei/kibankyoka/kenshukai/pdf/94200101_02.pdf	文化庁 「俳優のための契約レッスン」「配給・エージェントとの契約レッスン」ガイドブック	17391409	2026-10-07T15:25:41	34	excluded: フォントの ToUnicode が壊れていて文字化け
bunka_butai_gijutsu_guideline.pdf	https://www.bunka.go.jp/seisaku/bunka_gyosei/kibankyoka/kenshukai/pdf/93994001_05.pdf	文化庁 文化芸術分野の舞台技術スタッフのための適正な契約関係構築に向けたガイドライン	12309291	2026-10-07T15:26:51	80	included (1184行/52275字)
bunka_freelance_keiyaku_guidebook.pdf	https://www.bunka.go.jp/seisaku/bunka_gyosei/kibankyoka/kenshukai/pdf/93886401_05.pdf	文化庁 フリーランスアーティスト・スタッフのための契約ガイドブック	3739058	2026-10-07T15:27:12	48	excluded: フォントの ToUnicode が壊れていて文字化け
bunka_creator_keiyaku_handbook.pdf	https://www.bunka.go.jp/seisaku/bunka_gyosei/kibankyoka/kenshukai/pdf/94200101_07.pdf	文化庁 フリーランス法対応!クリエイターと取引先のための契約ハンドブック	4241151	2026-10-07T15:27:39	51	included (1270行/58826字)
bunka_gekijo_keiyaku_guidebook.pdf	https://www.bunka.go.jp/seisaku/bunka_gyosei/kibankyoka/kenshukai/pdf/93994001_04.pdf	文化庁 劇場・音楽堂等 契約実務ガイドブック	1858197	2026-10-07T15:27:52	110	included (1990行/93435字)
bunka_keiyaku_kyozai_text.pdf	https://www.bunka.go.jp/seisaku/bunka_gyosei/kibankyoka/kenshukai/pdf/93886401_03.pdf	文化庁 文化芸術分野の適正な契約関係構築に向けた教材テキスト	1163975	2026-10-07T15:28:01	26	included (207行/12428字)
bunka_eiga_staff_keiyaku_lesson.pdf	https://www.bunka.go.jp/seisaku/bunka_gyosei/kibankyoka/kenshukai/pdf/94003901_01.pdf	文化庁 映画スタッフのための契約レッスン	5073559	2026-10-07T15:28:25	54	included (224行/11448字)
bunka_anime_guidebook_1.pdf	https://www.bunka.go.jp/seisaku/bunka_gyosei/kibankyoka/kenshukai/pdf/94028601_01.pdf	文化庁 個人のアニメーション制作者と制作会社の業務委託契約ガイドブック 第1分冊 基本編	1256838	2026-10-07T15:28:34	48	included (317行/14560字)
bunka_anime_guidebook_2.pdf	https://www.bunka.go.jp/seisaku/bunka_gyosei/kibankyoka/kenshukai/pdf/94028601_02.pdf	文化庁 同 第2分冊 個別業務編	1591462	2026-10-07T15:28:43	108	included (833行/43988字)
bunka_anime_guidebook_3.pdf	https://www.bunka.go.jp/seisaku/bunka_gyosei/kibankyoka/kenshukai/pdf/94028601_03.pdf	文化庁 同 第3分冊 契約書・発注書、取引書面のひな型例と作成方法	2078736	2026-10-07T15:28:56	100	included (2039行/92835字)
bunka_bijutsu_kougei_guidebook.pdf	https://www.bunka.go.jp/seisaku/bunka_gyosei/kibankyoka/kenshukai/pdf/94310601_01.pdf	文化庁 美術・工芸の現場ではたらく人のための契約ガイドブック	6894517	2026-10-07T15:29:39	48	excluded: フォントの ToUnicode が壊れていて文字化け
bunka_ongaku_freelance_guidebook.pdf	https://www.bunka.go.jp/seisaku/bunka_gyosei/kibankyoka/kenshukai/pdf/94200101_06.pdf	文化庁 音楽系フリーランスのための契約ガイドブック	3892143	2026-10-07T15:30:00	50	included (674行/34698字)
bunka_kihon_keiyakusho.docx	https://www.bunka.go.jp/seisaku/bunka_gyosei/kibankyoka/kenshukai/word/93897401_01.docx	文化庁 基本契約書(ひな型)	56506	2026-10-07T15:30:01	-	excluded: 他文書に全文が含まれる重複取得
bunka_seikabutsu_seisaku_keiyakusho.docx	https://www.bunka.go.jp/seisaku/bunka_gyosei/kibankyoka/kenshukai/word/93901101_01.docx	文化庁 成果物制作に関する契約書(ひな型)	51327	2026-10-07T15:30:03	-	included (97行/5430字)
bunka_jitsuenka_shutsuen_keiyakusho.docx	https://www.bunka.go.jp/seisaku/bunka_gyosei/kibankyoka/kenshukai/word/93901101_02.docx	文化庁 実演家の出演に関する契約書(ひな型)	45771	2026-10-07T15:30:04	-	included (85行/4658字)
bunka_anime_kihon_keiyakusho.docx	https://www.bunka.go.jp/seisaku/bunka_gyosei/kibankyoka/kenshukai/word/94028601_04.docx	文化庁 (アニメーション)基本契約書(ひな型)	40094	2026-10-07T15:30:07	-	included (128行/4330字)
bunka_haiyu_shutsuen_keiyakusho.docx	https://www.bunka.go.jp/seisaku/bunka_gyosei/kibankyoka/kenshukai/word/94200101_01.docx	文化庁 俳優出演契約書(ひな型)	30881	2026-10-07T15:30:09	-	included (73行/4745字)
bunka_eiga_joei_keiyakusho.docx	https://www.bunka.go.jp/seisaku/bunka_gyosei/kibankyoka/kenshukai/word/94200101_02.docx	文化庁 映画上映契約書(ひな型)	25471	2026-10-07T15:30:10	-	included (57行/3536字)
bunka_haikyu_sales_keiyakusho.docx	https://www.bunka.go.jp/seisaku/bunka_gyosei/kibankyoka/kenshukai/word/94200101_03.docx	文化庁 配給・セールスに関する契約書(ひな型)	24924	2026-10-07T15:30:11	-	included (61行/3227字)
bunka_eiga_staff_itaku_keiyakusho_1.docx	https://www.bunka.go.jp/seisaku/bunka_gyosei/kibankyoka/kenshukai/word/94023201_01.docx	文化庁 映画制作スタッフ業務委託契約書(ひな型)その1	20361	2026-10-07T15:30:14	-	excluded: 他文書に全文が含まれる重複取得
bunka_eiga_staff_itaku_keiyakusho_2.docx	https://www.bunka.go.jp/seisaku/bunka_gyosei/kibankyoka/kenshukai/word/94023201_02.docx	文化庁 映画制作スタッフ業務委託契約書(ひな型)その2	58185	2026-10-07T15:30:15	-	included (177行/12744字)
bunka_gaichu_torihiki_kihon_keiyakusho.pdf	https://www.bunka.go.jp/seisaku/bunka_gyosei/kibankyoka/kenshukai/pdf/94200101_08.pdf	文化庁 外注取引基本契約書(ひな型)	200877	2026-10-07T15:30:17	8	included (102行/5440字)
bunka_chosakuken_keiyaku_manual.pdf	https://pf.bunka.go.jp/chosaku/chosakuken/keiyaku_intro/chosakukenkeiyaku_manual.pdf	文化庁 著作権契約マニュアル(誰でもできる著作権契約)	4627623	2026-10-07T15:30:25	122	included (1515行/79880字)
mlit_tokutei_chintaishaku_hyoujun.docx	https://www.mlit.go.jp/tochi_fudousan_kensetsugyo/const/content/001401828.docx	国土交通省 特定賃貸借標準契約書(令和3年4月)	82260	2026-10-07T15:30:25	-	included (336行/19065字)
mlit_chintai_kanri_jutaku_hyoujun.docx	https://www.mlit.go.jp/tochi_fudousan_kensetsugyo/const/content/001416012.docx	国土交通省 賃貸住宅管理受託契約標準契約書(令和3年4月)	41414	2026-10-07T15:30:26	-	included (171行/10172字)
mlit_juutaku_shukuhaku_kanri_jutaku_hyoujun.docx	https://www.mlit.go.jp/common/001222652.docx	国土交通省 住宅宿泊管理受託標準契約書(平成30年2月)	53070	2026-10-07T15:30:27	-	included (169行/9712字)
mlit_hyoujun_kamotsu_unsou_yakkan.pdf	https://wwwtb.mlit.go.jp/shikoku/content/yakukankamotu.pdf	国土交通省(四国運輸局掲載) 標準貨物自動車運送約款(令和6年6月1日施行)	178005	2026-10-07T15:30:28	15	included (193行/10732字)
mlit_hyoujun_hikkoshi_unsou_yakkan.pdf	https://wwwtb.mlit.go.jp/kanto/jidou_koutu/kamotu/kamotu_jigyoukaisi/date/hikkoshi_hyojunyakkan_3104ato.pdf	国土交通省(関東運輸局掲載) 標準引越運送約款(平成31年4月1日以降)	232848	2026-10-07T15:30:29	10	included (127行/6916字)
nedo_kokusai_kyoudou_kenkyu_sample.pdf	https://www.nedo.go.jp/content/100957192.pdf	NEDO 国際共同研究契約書サンプル(3機関以上)	264079	2026-10-07T15:30:30	20	included (65行/3280字)
digital_govcloud_madoguchi_itaku_keiyakusho.pdf	https://www.digital.go.jp/assets/contents/node/basic_page/field_ref_resources/6d1a8e78-7f17-4ef5-a68c-aba22b5870c3/1e807c27/20240126_procurement_public_notice_outline_06.pdf	デジタル庁 ガバメントクラウド窓口DXSaaS提供業務及び運用保守業務 委託契約書(案)(R6公募9カ月)	562007	2026-10-07T15:30:30	16	included (149行/9947字)
ipa_model_torihiki_keiyakusho_v2.docx	https://www.ipa.go.jp/digital/model/ug65p90000001ljh-att/000087884.docx	IPA 情報システム・モデル取引・契約書<第二版>(2025年4月8日更新) ※contracts.txt には既定で含めない	3576869	2026-10-07T15:37:09	-	separate: contracts_ipa_model.txt (166613字)
