doc	lines	chars	included
bunka_anime_guidebook_1.pdf	317	14560	yes
bunka_anime_guidebook_2.pdf	833	43988	yes
bunka_anime_guidebook_3.pdf	2039	92835	yes
bunka_anime_kihon_keiyakusho.docx	128	4330	yes
bunka_butai_gijutsu_guideline.pdf	1184	52273	yes
bunka_chosakuken_keiyaku_manual.pdf	1515	79880	yes
bunka_creator_keiyaku_handbook.pdf	1270	58825	yes
bunka_eiga_joei_keiyakusho.docx	57	3536	yes
bunka_eiga_staff_itaku_keiyakusho_1.docx	65	4265	no
bunka_eiga_staff_itaku_keiyakusho_2.docx	177	12744	yes
bunka_eiga_staff_keiyaku_lesson.pdf	224	11448	yes
bunka_gaichu_torihiki_kihon_keiyakusho.pdf	102	5440	yes
bunka_gekijo_keiyaku_guidebook.pdf	1990	93435	yes
bunka_haikyu_sales_keiyakusho.docx	61	3227	yes
bunka_haiyu_shutsuen_keiyakusho.docx	73	4745	yes
bunka_jitsuenka_shutsuen_keiyakusho.docx	85	4658	yes
bunka_keiyaku_guideline.pdf	800	52245	yes
bunka_keiyaku_kyozai_text.pdf	207	12428	yes
bunka_kenshukai_text.pdf	358	16694	yes
bunka_kihon_keiyakusho.docx	131	7746	no
bunka_ongaku_freelance_guidebook.pdf	674	34698	yes
bunka_seikabutsu_seisaku_keiyakusho.docx	97	5430	yes
digital_govcloud_madoguchi_itaku_keiyakusho.pdf	149	9947	yes
ipa_model_torihiki_keiyakusho_v2.docx	2482	166601	no
maff_ai_data_guideline_data.pdf	2255	196500	yes
maff_ai_data_guideline_data_usecase.pdf	42	2166	yes
maff_ai_data_guideline_knowhow.pdf	1893	103727	yes
maff_ai_data_guideline_knowhow_usecase.pdf	138	7497	yes
maff_ai_data_guideline_qa.pdf	75	5860	yes
maff_keiyaku_hinagata.docx	354	27143	no
maff_model_keiyaku_termsheet.docx	1038	73499	yes
mext_sakura_01.pdf	226	12771	yes
mext_sakura_02.pdf	233	13108	yes
mext_sakura_03.pdf	235	13251	yes
mext_sakura_04.pdf	247	13992	yes
mext_sakura_05.pdf	215	11923	yes
mext_sakura_06.pdf	192	10613	yes
mext_sakura_07.pdf	184	9655	yes
mext_sakura_08.pdf	303	17318	yes
mext_sakura_09.pdf	298	16575	yes
mext_sakura_10.pdf	295	16274	yes
mext_sakura_11.pdf	254	14305	yes
mlit_chintai_hyoujun_rentai.pdf	481	24923	yes
mlit_chintai_kanri_jutaku_hyoujun.docx	171	10172	yes
mlit_doboku_sekkei_itaku_yakkan.doc	382	27058	yes
mlit_genjo_kaifuku_guideline.pdf	1525	87968	yes
mlit_hyoujun_baikai_yakkan.pdf	308	17353	yes
mlit_hyoujun_hikkoshi_unsou_yakkan.pdf	127	6916	yes
mlit_hyoujun_kamotsu_unsou_yakkan.pdf	193	10732	yes
mlit_juutaku_shukuhaku_kanri_jutaku_hyoujun.docx	169	9712	yes
mlit_koukyou_kouji_yakkan.docx	578	40414	yes
mlit_mansion_kanri_itaku_comment_r5.pdf	363	27532	yes
mlit_mansion_kanri_itaku_honbun_r5.pdf	399	16625	yes
mlit_minkan_kouji_yakkan_kou.doc	394	25449	yes
mlit_minkan_kouji_yakkan_otsu.docx	317	19847	yes
mlit_shitauke_yakkan.doc	327	20702	yes
mlit_sublease_hyoujun_rentai.pdf	497	27289	yes
mlit_sublease_teiki_hyoujun_rentai.pdf	454	23171	yes
mlit_teiki_chintai_hyoujun_rentai.pdf	430	20460	yes
mlit_tokutei_chintaishaku_hyoujun.docx	336	19065	yes
nedo_kokusai_kyoudou_kenkyu_sample.pdf	65	3279	yes
